{
    "top1_accuracy": 0.08420000225305557,
    "top5_accuracy": 0.28119999170303345
}