{
    "top1_accuracy": 0.4636400043964386,
    "top5_accuracy": 0.7303599715232849
}